-- 测试数据SQL
-- 生成时间：2026-04-27 00:04:39

-- 1. 创建经纪人
INSERT INTO agents (id, name, agent_code, phone, id_card, status, created_at, updated_at) VALUES
(1, '张三', 'A001', '13800138001', '110101199001011234', 'active', '2024-03-26 10:00:00', '2024-04-26 23:30:00'),
(2, '李四', 'A002', '13800138002', '110101199002022345', 'active', '2024-03-26 10:00:00', '2024-04-26 23:30:00'),
(3, '王五', 'A003', '13800138003', '110101199003033456', 'active', '2024-02-26 10:00:00', '2024-04-26 23:30:00');

-- 2. 创建用户
INSERT INTO users (id, open_id, nickname, phone, avatar, role, created_at, updated_at) VALUES
(1, 'openid_user1', '小明', '13900139001', '', 'user', '2026-03-28 00:04:39', '2026-04-27 00:04:39'),
(2, 'openid_user2', '小红', '13900139002', '', 'user', '2026-03-28 00:04:39', '2026-04-27 00:04:39'),
(3, 'openid_user3', '小刚', '13900139003', '', 'user', '2026-02-26 00:04:39', '2026-04-27 00:04:39'),
(4, 'openid_user4', '小丽', '13900139004', '', 'user', '2026-02-26 00:04:39', '2026-04-27 00:04:39'),
(5, 'openid_agent1', '张三', '13800138001', '', 'agent', '2026-03-28 00:04:39', '2026-04-27 00:04:39');

-- 3. 创建房源
INSERT INTO properties (id, title, description, price, area, room_count, hall_count, floor, total_floor, orientation, decoration, property_type, address, community, city, district, status, agent_id, view_count, created_at, updated_at) VALUES
(1, '阳光花园 3室2厅 精装修', '南北通透，采光极好，周边配套齐全', 3500000, 120.5, 3, 2, 8, 18, '南北', '精装', '二手房', '阳光花园小区', '阳光花园', '北京', '朝阳区', 'active', 1, 156, '2026-03-28 00:04:39', '2026-04-27 00:04:39'),
(2, '新盘开盘 恒大名都 2室1厅', '新房发售，首付低，配套小学', 2800000, 89.0, 2, 1, 3, 26, '南', '毛坯', '新房', '恒大名都', '恒大名都', '北京', '海淀区', 'active', 1, 203, '2026-03-28 00:04:39', '2026-04-27 00:04:39'),
(3, '地铁房 明珠小区 1室1厅', '近地铁，交通便利，拎包入住', 4500, 55.0, 1, 1, 12, 22, '东', '简装', '租房', '明珠小区', '明珠小区', '北京', '丰台区', 'active', 2, 98, '2026-02-26 00:04:39', '2026-04-27 00:04:39'),
(4, '豪华别墅 碧水庄园 5室3厅', '独栋别墅，私家花园，高端社区', 15000000, 380.0, 5, 3, 1, 2, '南', '豪装', '二手房', '碧水庄园', '碧水庄园', '北京', '昌平区', 'active', 2, 67, '2026-02-26 00:04:39', '2026-04-27 00:04:39'),
(5, '学区房 中关村 2室1厅', '重点学区，升值空间大', 5800000, 95.0, 2, 1, 6, 16, '南北', '中装', '二手房', '中关村小区', '中关村', '北京', '海淀区', 'active', 3, 312, '2026-01-27 00:04:39', '2026-04-27 00:04:39'),
(6, '青年公寓 回龙观 1室0厅', '适合年轻人，低总价，近地铁', 3200, 40.0, 1, 0, 5, 18, '西', '简装', '租房', '回龙观小区', '回龙观', '北京', '昌平区', 'active', 3, 145, '2026-01-27 00:04:39', '2026-04-27 00:04:39'),
(7, '新盘 万科城市花园 3室2厅', '品牌开发商，品质保障', 4200000, 118.0, 3, 2, 10, 22, '南北', '精装', '新房', '万科城市花园', '万科城市花园', '北京', '大兴区', 'active', 1, 178, '2026-03-28 00:04:39', '2026-04-27 00:04:39'),
(8, '温馨家园 2室1厅', '温馨舒适，适合家庭居住', 3800000, 88.0, 2, 1, 7, 14, '南', '中装', '二手房', '温馨家园', '温馨家园', '北京', '通州区', 'active', 2, 89, '2026-02-26 00:04:39', '2026-04-27 00:04:39'),
(9, '公寓出租 国贸CBD', 'CBD核心区，商务人士首选', 6800, 65.0, 1, 1, 15, 28, '东', '精装', '租房', '国贸公寓', '国贸', '北京', '朝阳区', 'active', 3, 234, '2026-03-28 00:04:39', '2026-04-27 00:04:39'),
(10, '经济适用房 天通苑', '低价房源，刚需首选', 2200000, 75.0, 2, 1, 3, 12, '南', '简装', '二手房', '天通苑', '天通苑', '北京', '昌平区', 'active', 1, 167, '2026-01-27 00:04:39', '2026-04-27 00:04:39');

-- 4. 房源图片
INSERT INTO property_images (property_id, url, sort_order, created_at) VALUES
(1, '/uploads/2024/property1_1.jpg', 1, '2026-04-27 00:04:39'),
(1, '/uploads/2024/property1_2.jpg', 2, '2026-04-27 00:04:39'),
(2, '/uploads/2024/property2_1.jpg', 1, '2026-04-27 00:04:39'),
(3, '/uploads/2024/property3_1.jpg', 1, '2026-04-27 00:04:39'),
(5, '/uploads/2024/property5_1.jpg', 1, '2026-04-27 00:04:39');

-- 5. 经纪人房源关联
INSERT INTO agent_properties (agent_id, property_id, created_at) VALUES
(1, 1, '2026-03-28 00:04:39'),
(1, 2, '2026-03-28 00:04:39'),
(1, 7, '2026-03-28 00:04:39'),
(1, 10, '2026-01-27 00:04:39'),
(2, 3, '2026-02-26 00:04:39'),
(2, 4, '2026-02-26 00:04:39'),
(2, 8, '2026-02-26 00:04:39'),
(3, 5, '2026-01-27 00:04:39'),
(3, 6, '2026-01-27 00:04:39'),
(3, 9, '2026-03-28 00:04:39');

-- 6. 浏览记录
INSERT INTO browse_histories (user_id, property_id, agent_id, ip_address, user_agent, viewed_at) VALUES
(1, 1, 1, '192.168.1.101', 'Mozilla/5.0', '2026-03-28 00:04:39'),
(1, 2, 1, '192.168.1.101', 'Mozilla/5.0', '2026-03-28 00:04:39'),
(1, 5, 3, '192.168.1.101', 'Mozilla/5.0', '2026-04-27 00:04:39'),
(2, 3, 2, '192.168.1.102', 'Mozilla/5.0', '2026-02-26 00:04:39'),
(2, 6, 3, '192.168.1.102', 'Mozilla/5.0', '2026-03-28 00:04:39'),
(2, 9, 3, '192.168.1.102', 'Mozilla/5.0', '2026-04-27 00:04:39'),
(3, 4, 2, '192.168.1.103', 'Mozilla/5.0', '2026-02-26 00:04:39'),
(3, 8, 2, '192.168.1.103', 'Mozilla/5.0', '2026-03-28 00:04:39'),
(4, 1, 1, '192.168.1.104', 'Mozilla/5.0', '2026-03-28 00:04:39'),
(4, 5, 3, '192.168.1.104', 'Mozilla/5.0', '2026-02-26 00:04:39'),
(4, 7, 1, '192.168.1.104', 'Mozilla/5.0', '2026-04-27 00:04:39'),
(5, 2, 1, '192.168.1.105', 'Mozilla/5.0', '2026-03-28 00:04:39'),
(5, 3, 2, '192.168.1.105', 'Mozilla/5.0', '2026-02-26 00:04:39'),
(1, 9, 3, '192.168.1.101', 'Mozilla/5.0', '2026-04-27 00:04:39'),
(2, 10, 1, '192.168.1.102', 'Mozilla/5.0', '2026-04-27 00:04:39'),
(3, 6, 3, '192.168.1.103', 'Mozilla/5.0', '2026-04-27 00:04:39'),
(4, 8, 2, '192.168.1.104', 'Mozilla/5.0', '2026-04-27 00:04:39'),
(5, 4, 2, '192.168.1.105', 'Mozilla/5.0', '2026-04-27 00:04:39'),
(1, 7, 1, '192.168.1.101', 'Mozilla/5.0', '2026-04-27 00:04:39'),
(2, 1, 1, '192.168.1.102', 'Mozilla/5.0', '2026-04-27 00:04:39');

-- 7. 收藏记录
INSERT INTO favorites (user_id, property_id, agent_id, created_at) VALUES
(1, 1, 1, '2026-03-28 00:04:39'),
(1, 5, 3, '2026-03-28 00:04:39'),
(2, 3, 2, '2026-02-26 00:04:39'),
(2, 6, 3, '2026-03-28 00:04:39'),
(3, 4, 2, '2026-02-26 00:04:39'),
(4, 1, 1, '2026-03-28 00:04:39'),
(4, 5, 3, '2026-02-26 00:04:39'),
(5, 2, 1, '2026-03-28 00:04:39');

-- 8. 预约记录
INSERT INTO appointments (user_id, property_id, agent_id, name, phone, appointment_time, status, remark, created_at) VALUES
(1, 1, 1, '小明', '13900139001', '2026-03-28 10:00:00', 'completed', '想看看房子', '2026-03-28 00:04:39'),
(2, 3, 2, '小红', '13900139002', '2026-03-28 14:00:00', 'confirmed', '周末看房', '2026-03-28 00:04:39'),
(3, 4, 2, '小刚', '13900139003', '2026-04-27 09:00:00', 'pending', '急着想看', '2026-04-27 00:04:39'),
(4, 5, 3, '小丽', '13900139004', '2026-04-27 15:00:00', 'pending', '学区房很感兴趣', '2026-04-27 00:04:39'),
(1, 9, 3, '小明', '13900139001', '2026-04-27 11:00:00', 'confirmed', 'CBD工作，方便看房', '2026-04-27 00:04:39');

-- 9. 文章
INSERT INTO articles (title, content, cover_image, summary, type, status, sort_order, created_at, updated_at) VALUES
('北京楼市2024年趋势分析', '2024年北京楼市将呈现稳中有升的态势...', '/uploads/2024/article1.jpg', '专家分析2024年北京楼市走势', 'news', 'published', 1, '2026-03-28 00:04:39', '2026-04-27 00:04:39'),
('购房指南：首次置业注意事项', '首次购房需要注意以下几个关键点...', '/uploads/2024/article2.jpg', '新手购房必看指南', 'guide', 'published', 2, '2026-02-26 00:04:39', '2026-04-27 00:04:39');

-- 10. Banner
INSERT INTO banners (title, image, url, sort_order, status, start_time, end_time, created_at, updated_at) VALUES
('春季看房节', '/uploads/2024/banner1.jpg', '/properties', 1, 'active', '2026-03-28 00:04:39', '2026-04-27 23:59:59', '2026-03-28 00:04:39', '2026-04-27 00:04:39');

-- 11. 区域
INSERT INTO areas (name, parent_id, level, city, sort_order, created_at, updated_at) VALUES
('北京', 0, 1, '北京', 1, '2026-04-27 00:04:39', '2026-04-27 00:04:39'),
('朝阳区', 1, 2, '北京', 1, '2026-04-27 00:04:39', '2026-04-27 00:04:39'),
('海淀区', 1, 2, '北京', 2, '2026-04-27 00:04:39', '2026-04-27 00:04:39');

-- 12. 经纪人入驻申请
INSERT INTO agent_applications (user_id, name, phone, id_card, reason, status, reviewed_by, review_comment, created_at, updated_at) VALUES
(5, '张三', '13800138001', '110101199001011234', '我是专业房产经纪人，有5年从业经验', 'approved', 1, '经验丰富，批准入驻', '2026-03-28 00:04:39', '2026-04-27 00:04:39'),
(2, '小红', '13900139002', '110101199002022345', '想成为经纪人，热爱房产行业', 'pending', NULL, NULL, '2026-04-27 00:04:39', '2026-04-27 00:04:39');
